species,island,bill_length_mm,bill_depth_mm,flipper_length_mm,body_mass_g,sex,year,predicted,residuals,standardized_residuals
Adelie,Torgersen,39.1,18.7,181,3750,male,2007,3205.6484527028124,544.351547297095,1.3902609843035054
Adelie,Torgersen,39.5,17.4,186,3800,female,2007,3456.4147824140186,343.58521758596044,0.8763250328205752
Adelie,Torgersen,40.3,18,195,3250,female,2007,3907.7941758941897,-657.7941758941943,-1.6752912561187998
Adelie,Torgersen,36.7,19.3,193,3450,female,2007,3807.4876440097073,-357.48764400971197,-0.9106562463171789
Adelie,Torgersen,39.3,20.6,190,3650,male,2007,3657.0278461829835,-7.027846182988444,-0.017910414794300954
Adelie,Torgersen,38.9,17.8,181,3625,female,2007,3205.6484527028124,419.3515472971821,1.0710139390793094
Adelie,Torgersen,39.2,19.6,195,4675,male,2007,3907.7941758941897,767.2058241058057,1.9539443428800027
Adelie,Torgersen,41.1,17.6,182,3200,female,2007,3255.8017186450534,-55.801718645058976,-0.14247335903301278
Adelie,Torgersen,38.6,21.2,191,3800,male,2007,3707.1811121252244,92.81888787477044,0.23651012007598535
Adelie,Torgersen,34.6,21.1,198,4400,male,2007,4058.253973720913,341.7460262790822,0.8701902933301532
Adelie,Torgersen,36.6,17.8,185,3700,female,2007,3406.261516471777,293.73848352821744,0.7493682408851314
Adelie,Torgersen,38.7,19,195,3450,female,2007,3907.7941758941897,-457.7941758941943,-1.165924856259319
Adelie,Torgersen,42.5,20.7,197,4500,male,2007,4008.100707778672,491.89929222132344,1.2525934011895157
Adelie,Torgersen,34.4,18.4,184,3325,female,2007,3356.1082505295362,-31.10825052954142,-0.07938171336273277
Adelie,Torgersen,46,21.5,194,4200,male,2007,3857.6409099519483,342.3590900480469,0.8720178658439937
Adelie,Biscoe,37.8,18.3,174,3400,female,2007,2854.5755911071237,545.4244088928705,1.3965554914976515
Adelie,Biscoe,37.7,18.7,180,3600,male,2007,3155.495186760571,444.50481323942336,1.1356145008141354
Adelie,Biscoe,35.9,19.2,189,3800,female,2007,3606.874580240742,193.1254197592528,0.4922657063196964
Adelie,Biscoe,38.2,18.1,185,3950,male,2007,3406.261516471777,543.7384835282174,1.387153450269472
Adelie,Biscoe,38.8,17.2,180,3800,male,2007,3155.495186760571,644.5048132394235,1.6465716229825564
Adelie,Biscoe,35.3,18.9,187,3800,female,2007,3506.5680483562596,293.4319516437351,0.7482404983518006
Adelie,Biscoe,40.6,18.6,183,3550,male,2007,3305.954984587295,244.04501541269977,0.622919658000461
Adelie,Biscoe,40.5,17.9,187,3200,female,2007,3506.5680483562596,-306.56804835626497,-0.7817370535003498
Adelie,Biscoe,37.9,18.6,172,3150,female,2007,2754.2690592226413,395.7309407773528,1.0141490270342055
Adelie,Biscoe,40.5,18.9,180,3950,male,2007,3155.495186760571,794.5048132394235,2.029789464608872
Adelie,Dream,39.5,16.7,178,3250,female,2007,3055.1886548760885,194.8113451239057,0.49804013797042046
Adelie,Dream,37.2,18.1,178,3900,male,2007,3055.1886548760885,844.8113451239058,2.159781601101708
Adelie,Dream,39.5,17.8,188,3300,female,2007,3556.721314298501,-256.7213142985061,-0.6544937996200054
Adelie,Dream,40.9,18.9,184,3900,male,2007,3356.1082505295362,543.8917494704586,1.3878973655499771
Adelie,Dream,36.4,17,195,3325,female,2007,3907.7941758941897,-582.7941758941943,-1.4842788561714946
Adelie,Dream,39.2,21.1,196,4150,male,2007,3957.9474418364307,192.0525581635646,0.48908445877703133
Adelie,Dream,38.8,20,190,3950,male,2007,3657.0278461829835,292.97215381701153,0.7466373994843373
Adelie,Dream,42.2,18.5,180,3550,female,2007,3155.495186760571,394.50481323942336,1.0078752202720302
Adelie,Dream,37.6,19.3,181,3300,female,2007,3205.6484527028124,94.35154729718211,0.2409716214958194
Adelie,Dream,39.8,19.1,184,4650,male,2007,3356.1082505295362,1293.8917494704585,3.3017396423926413
Adelie,Dream,36.5,18,182,3150,female,2007,3255.8017186450534,-105.80171864505886,-0.2701337272908889
Adelie,Dream,40.8,18.4,195,3900,male,2007,3907.7941758941897,-7.794175894194257,-0.019850456575486404
Adelie,Dream,36,18.5,186,3100,female,2007,3456.4147824140186,-356.41478241402365,-0.9090472462441296
Adelie,Dream,44.1,19.7,196,4400,male,2007,3957.9474418364307,442.0525581635645,1.1257389030782816
Adelie,Dream,37,16.9,185,3000,female,2007,3406.261516471777,-406.2615164717825,-1.0364303453910222
Adelie,Dream,39.6,18.8,190,4600,male,2007,3657.0278461829835,942.9721538170116,2.4031576637547207
Adelie,Dream,41.1,19,182,3425,male,2007,3255.8017186450534,169.19828135494103,0.4319982981274312
Adelie,Dream,36,17.9,190,3450,female,2007,3657.0278461829835,-207.02784618298844,-0.5276089576467264
Adelie,Dream,42.3,21.2,191,4150,male,2007,3707.1811121252244,442.8188878747704,1.1283387545482941
Adelie,Biscoe,39.6,17.7,186,3500,female,2008,3456.4147824140186,43.585217585976245,0.11116548465001032
Adelie,Biscoe,40.1,18.9,188,4300,male,2008,3556.721314298501,743.278685701494,1.8949392359984716
Adelie,Biscoe,35,17.9,190,3450,female,2008,3657.0278461829835,-207.02784618298844,-0.5276089576467264
Adelie,Biscoe,42,19.5,200,4050,male,2008,4158.5605056053955,-108.56050560540012,-0.27641164866681567
Adelie,Biscoe,34.5,18.1,187,2900,female,2008,3506.5680483562596,-606.5680483562647,-1.5467258294264243
Adelie,Biscoe,41.4,18.6,191,3700,male,2008,3707.1811121252244,-7.181112125229564,-0.018298061201817206
Adelie,Biscoe,39,17.5,186,3550,female,2008,3456.4147824140186,93.58521758597625,0.23869207601177786
Adelie,Biscoe,40.6,18.8,193,3800,male,2008,3807.4876440097073,-7.487644009711904,-0.019073861438014646
Adelie,Biscoe,36.5,16.6,181,2850,female,2008,3205.6484527028124,-355.6484527028178,-0.9083177413120895
Adelie,Biscoe,37.6,19.1,194,3750,male,2008,3857.6409099519483,-107.64090995195306,-0.2741705983639417
Adelie,Biscoe,35.7,16.9,185,3150,female,2008,3406.261516471777,-256.2615164717825,-0.6537592197604178
Adelie,Biscoe,41.3,21.1,195,4400,male,2008,3907.7941758941897,492.20582410580573,1.2535655430732162
Adelie,Biscoe,37.6,17,185,3600,female,2008,3406.261516471777,193.73848352821742,0.4942541571313951
Adelie,Biscoe,41.1,18.2,192,4050,male,2008,3757.334378067466,292.6656219325292,0.7456272309836754
Adelie,Biscoe,36.4,17.1,184,2850,female,2008,3356.1082505295362,-506.1082505295413,-1.2914818220297535
Adelie,Biscoe,41.6,18,192,3950,male,2008,3757.334378067466,192.66562193252923,0.49085619704393546
Adelie,Biscoe,35.5,16.2,195,3350,female,2008,3907.7941758941897,-557.7941758941943,-1.4206080561890593
Adelie,Biscoe,41.1,19.1,188,4100,male,2008,3556.721314298501,543.2786857014939,1.385052628874776
Adelie,Torgersen,35.9,16.6,190,3050,female,2008,3657.0278461829835,-607.0278461829884,-1.5470060433515773
Adelie,Torgersen,41.8,19.4,198,4450,male,2008,4058.253973720913,391.74602627908223,0.9975056425098866
Adelie,Torgersen,33.5,19,190,3600,female,2008,3657.0278461829835,-57.02784618298845,-0.14533505050740736
Adelie,Torgersen,39.7,18.4,190,3900,male,2008,3657.0278461829835,242.97215381701162,0.6192127637712311
Adelie,Torgersen,39.6,17.2,196,3550,female,2008,3957.9474418364307,-407.9474418364355,-1.0388862075459702
Adelie,Torgersen,45.8,18.9,197,4150,male,2008,4008.100707778672,141.89929222132344,0.3613384281714312
Adelie,Torgersen,35.5,17.5,190,3700,female,2008,3657.0278461829835,42.97215381701161,0.10951422091880557
Adelie,Torgersen,42.8,18.5,195,4250,male,2008,3907.7941758941897,342.20582410580573,0.8715407431786054
Adelie,Torgersen,40.9,16.8,191,3700,female,2008,3707.1811121252244,-7.181112125229564,-0.018298061201817206
Adelie,Torgersen,37.2,19.4,184,3900,male,2008,3356.1082505295362,543.8917494704586,1.3878973655499771
Adelie,Torgersen,36.2,16.1,187,3550,female,2008,3506.5680483562596,43.43195164373507,0.11074985174673792
Adelie,Torgersen,42.1,19.1,195,4000,male,2008,3907.7941758941897,92.20582410580572,0.23483274335425408
Adelie,Torgersen,34.6,17.2,189,3200,female,2008,3606.874580240742,-406.8745802407473,-1.0371001542698026
Adelie,Torgersen,42.9,17.6,196,4700,male,2008,3957.9474418364307,742.0525581635646,1.8897242362397826
Adelie,Torgersen,36.7,18.8,187,3800,female,2008,3506.5680483562596,293.4319516437351,0.7482404983518006
Adelie,Torgersen,35.1,19.4,193,4200,male,2008,3807.4876440097073,392.5123559902881,0.9998774355667444
Adelie,Dream,37.3,17.8,191,3350,female,2008,3707.1811121252244,-357.1811121252296,-0.9101266956741263
Adelie,Dream,41.3,20.3,194,3550,male,2008,3857.6409099519483,-307.6409099519532,-0.7835876935674689
Adelie,Dream,36.3,19.5,190,3800,male,2008,3657.0278461829835,142.97215381701162,0.36436349234501836
Adelie,Dream,36.9,18.6,189,3500,female,2008,3606.874580240742,-106.87458024074726,-0.27241722397505314
Adelie,Dream,38.3,19.2,189,3950,male,2008,3606.874580240742,343.12541975925274,0.8746071714670709
Adelie,Dream,38.9,18.8,190,3600,female,2008,3657.0278461829835,-57.02784618298845,-0.14533505050740736
Adelie,Dream,35.7,18,202,3550,female,2008,4258.867037489878,-708.8670374898825,-1.8048857133775242
Adelie,Dream,41.1,18.1,205,4300,male,2008,4409.326835316602,-109.32683531660598,-0.2783956621839911
Adelie,Dream,34,17.1,185,3400,female,2008,3406.261516471777,-6.261516471782581,-0.015974010376077406
Adelie,Dream,39.6,18.1,186,4450,male,2008,3456.4147824140186,993.5852175859764,2.5341707205235933
Adelie,Dream,36.2,17.3,187,3300,female,2008,3506.5680483562596,-206.56804835626494,-0.5267407948583247
Adelie,Dream,40.8,18.9,208,4300,male,2008,4559.786633143325,-259.78663314332954,-0.6617034699182741
Adelie,Dream,38.1,18.6,190,3700,female,2008,3657.0278461829835,42.97215381701161,0.10951422091880557
Adelie,Dream,40.3,18.5,196,4350,male,2008,3957.9474418364307,392.0525581635645,0.9984080142180316
Adelie,Dream,33.1,16.1,178,2900,female,2008,3055.1886548760885,-155.18865487609418,-0.39674372679258024
Adelie,Dream,43.2,18.5,192,4100,male,2008,3757.334378067466,342.6656219325292,0.8730127479535456
Adelie,Biscoe,35,17.9,192,3725,female,2009,3757.334378067466,-32.33437806747074,-0.08237862932047976
Adelie,Biscoe,41,20,203,4725,male,2009,4309.020303432119,415.9796965678764,1.0591739691730049
Adelie,Biscoe,37.7,16,183,3075,female,2009,3305.954984587295,-230.95498458730012,-0.5895076355865456
Adelie,Biscoe,37.8,20,190,4250,male,2009,3657.0278461829835,592.9721538170116,1.511185213762976
Adelie,Biscoe,37.9,18.6,193,2925,female,2009,3807.4876440097073,-882.4876440097119,-2.248029823635925
Adelie,Biscoe,39.7,18.9,184,3550,male,2009,3356.1082505295362,193.8917494704586,0.4947709696900667
Adelie,Biscoe,38.6,17.2,199,3750,female,2009,4108.4072396631545,-358.4072396631589,-0.9125802299650126
Adelie,Biscoe,38.2,20,190,3900,male,2009,3657.0278461829835,242.97215381701162,0.6192127637712311
Adelie,Biscoe,38.1,17,181,3175,female,2009,3205.6484527028124,-30.648452702817895,-0.07827542372859983
Adelie,Biscoe,43.2,19,197,4775,male,2009,4008.100707778672,766.8992922213234,1.952865165703725
Adelie,Biscoe,38.1,16.5,198,3825,female,2009,4058.253973720913,-233.25397372091774,-0.5939362222367796
Adelie,Biscoe,45.6,20.3,191,4600,male,2009,3707.1811121252244,892.8188878747704,2.274975570298406
Adelie,Biscoe,39.7,17.7,193,3200,female,2009,3807.4876440097073,-607.487644009712,-1.5475008069451532
Adelie,Biscoe,42.2,19.5,197,4275,male,2009,4008.100707778672,266.89929222132344,0.6796437756778899
Adelie,Biscoe,39.6,20.7,191,3900,female,2009,3707.1811121252244,192.81888787477044,0.4913183013537879
Adelie,Biscoe,42.7,18.3,196,4075,male,2009,3957.9474418364307,117.05255816356461,0.29808812548665614
Adelie,Torgersen,38.6,17,188,2900,female,2009,3556.721314298501,-656.721314298506,-1.6742670138673956
Adelie,Torgersen,37.3,20.5,199,3775,male,2009,4108.4072396631545,-333.4072396631589,-0.8489249707393144
Adelie,Torgersen,35.7,17,189,3350,female,2009,3606.874580240742,-256.8745802407473,-0.654758689122428
Adelie,Torgersen,41.1,18.6,189,3325,male,2009,3606.874580240742,-281.8745802407473,-0.7184822666469904
Adelie,Torgersen,36.2,17.2,187,3150,female,2009,3506.5680483562596,-356.56804835626485,-0.9092351828213621
Adelie,Torgersen,37.7,19.8,198,3500,male,2009,4058.253973720913,-558.2539737209178,-1.421485991905046
Adelie,Torgersen,40.2,17,176,3450,female,2009,2954.882122991606,495.11787700838806,1.2667231917735409
Adelie,Torgersen,41.4,18.5,202,3875,male,2009,4258.867037489878,-383.8670374898824,-0.9773851726205169
Adelie,Torgersen,35.2,15.9,186,3050,female,2009,3456.4147824140186,-406.41478241402365,-1.036573837605897
Adelie,Torgersen,40.6,19,199,4000,male,2009,4108.4072396631545,-108.40723966315895,-0.2760276377080309
Adelie,Torgersen,38.8,17.6,191,3275,female,2009,3707.1811121252244,-432.1811121252296,-1.1012328316324782
Adelie,Torgersen,41.5,18.3,195,4300,male,2009,3907.7941758941897,392.20582410580573,0.9988823431434757
Adelie,Torgersen,39,17.1,191,3050,female,2009,3707.1811121252244,-657.1811121252296,-1.6745512395075337
Adelie,Torgersen,44.1,18,210,4000,male,2009,4660.093165027808,-660.0931650278118,-1.681741579141786
Adelie,Torgersen,38.5,17.9,190,3325,female,2009,3657.0278461829835,-332.02784618298847,-0.8461705469294926
Adelie,Torgersen,43.1,19.2,197,3500,male,2009,4008.100707778672,-508.1007077786766,-1.2938493788621546
Adelie,Dream,36.8,18.5,193,3500,female,2009,3807.4876440097073,-307.48764400971197,-0.783287334191584
Adelie,Dream,37.5,18.5,199,4475,male,2009,4108.4072396631545,366.5927603368411,0.9334222875802346
Adelie,Dream,38.1,17.6,187,3425,female,2009,3506.5680483562596,-81.56804835626492,-0.20799547155579337
Adelie,Dream,41.1,17.5,190,3900,male,2009,3657.0278461829835,242.97215381701162,0.6192127637712311
Adelie,Dream,35.6,17.5,191,3175,female,2009,3707.1811121252244,-532.1811121252297,-1.356041012910281
Adelie,Dream,40.2,20.1,200,3975,male,2009,4158.5605056053955,-183.56050560540012,-0.46737311788992847
Adelie,Dream,37,16.5,185,3400,female,2009,3406.261516471777,-6.261516471782581,-0.015974010376077406
Adelie,Dream,39.7,17.9,193,4250,male,2009,3807.4876440097073,442.5123559902881,1.1272463476923391
Adelie,Dream,40.2,17.1,193,3400,female,2009,3807.4876440097073,-407.48764400971197,-1.0380251584427738
Adelie,Dream,40.6,17.2,187,3475,male,2009,3506.5680483562596,-31.568048356264928,-0.08049734223478085
Adelie,Dream,32.1,15.5,188,3050,female,2009,3556.721314298501,-506.721314298506,-1.2918520585246243
Adelie,Dream,40.7,17,190,3725,male,2009,3657.0278461829835,67.97215381701162,0.1732265387753588
Adelie,Dream,37.3,16.8,192,3000,female,2009,3757.334378067466,-757.3343780674707,-1.9294686253835955
Adelie,Dream,39,18.7,185,3650,male,2009,3406.261516471777,243.73848352821742,0.6218111990082632
Adelie,Dream,39.2,18.6,190,4250,male,2009,3657.0278461829835,592.9721538170116,1.511185213762976
Adelie,Dream,36.6,18.4,184,3475,female,2009,3356.1082505295362,118.89174947045859,0.3033867420058002
Adelie,Dream,36,17.8,195,3450,female,2009,3907.7941758941897,-457.7941758941943,-1.165924856259319
Adelie,Dream,37.8,18.1,193,3750,male,2009,3807.4876440097073,-57.48764400971192,-0.14644277356360957
Adelie,Dream,36,17.1,187,3700,female,2009,3506.5680483562596,193.43195164373512,0.4932442397097756
Adelie,Dream,41.5,18.5,201,4000,male,2009,4208.713771547637,-208.71377154764127,-0.5314133630571788
Gentoo,Biscoe,46.1,13.2,211,4500,female,2007,4710.246430970049,-210.246430970053,-0.5357305585756267
Gentoo,Biscoe,50,16.3,230,5700,male,2007,5663.158483872633,36.841516127364855,0.09441744183484456
Gentoo,Biscoe,48.7,14.1,210,4450,female,2007,4660.093165027808,-210.09316502781184,-0.535261429507275
Gentoo,Biscoe,50,15.2,218,5700,male,2007,5061.319292565738,638.680707434259,1.6298071290949556
Gentoo,Biscoe,47.6,14.5,215,5400,male,2007,4910.859494739014,489.1405052609823,1.2473077839241302
Gentoo,Biscoe,46.5,13.5,210,4550,female,2007,4660.093165027808,-110.09316502781184,-0.2804880629218281
Gentoo,Biscoe,45.4,14.6,211,4800,female,2007,4710.246430970049,89.75356902994693,0.22870176415702612
Gentoo,Biscoe,46.7,15.3,219,5200,male,2007,5111.47255850798,88.52744149201756,0.22596854555575038
Gentoo,Biscoe,43.3,13.4,209,4400,female,2007,4609.939899085567,-209.9398990855707,-0.5348006824828447
Gentoo,Biscoe,46.8,15.4,215,5150,male,2007,4910.859494739014,239.14050526098222,0.6098080417699684
Gentoo,Biscoe,40.9,13.7,214,4650,female,2007,4860.706228796773,-210.70622879677654,-0.5371885344474027
Gentoo,Biscoe,49,16.1,216,5550,male,2007,4961.012760681256,588.9872393187412,1.5022536743998876
Gentoo,Biscoe,45.5,13.7,214,4650,female,2007,4860.706228796773,-210.70622879677654,-0.5371885344474027
Gentoo,Biscoe,48.4,14.6,213,5850,male,2007,4810.552962854532,1039.4470371454647,2.649523730091258
Gentoo,Biscoe,45.8,14.6,210,4200,female,2007,4660.093165027808,-460.0931650278119,-1.1721948459708924
Gentoo,Biscoe,49.3,15.7,217,5850,male,2007,5011.166026623497,838.8339733765001,2.1400185322984018
Gentoo,Biscoe,42,13.5,210,4150,female,2007,4660.093165027808,-510.09316502781184,-1.2995815292636157
Gentoo,Biscoe,49.2,15.2,221,6300,male,2007,5211.7790903924615,1088.2209096075348,2.779347307390566
Gentoo,Biscoe,46.2,14.5,209,4800,female,2007,4609.939899085567,190.06010091442928,0.4841589051177228
Gentoo,Biscoe,48.7,15.1,222,5350,male,2007,5261.9323563347025,88.06764366529423,0.2249987823333994
Gentoo,Biscoe,50.2,14.3,218,5700,male,2007,5061.319292565738,638.680707434259,1.6298071290949556
Gentoo,Biscoe,45.1,14.5,215,5000,female,2007,4910.859494739014,89.14050526098224,0.22730819647747144
Gentoo,Biscoe,46.5,14.5,213,4400,female,2007,4810.552962854532,-410.55296285453545,-1.0464889298540943
Gentoo,Biscoe,46.3,15.8,215,5050,male,2007,4910.859494739014,139.14050526098222,0.3548081449083037
Gentoo,Biscoe,42.9,13.1,215,5000,female,2007,4910.859494739014,89.14050526098224,0.22730819647747144
Gentoo,Biscoe,46.1,15.1,215,5100,male,2007,4910.859494739014,189.14050526098222,0.48230809333913605
Gentoo,Biscoe,47.8,15,215,5650,male,2007,4910.859494739014,739.1405052609824,1.884807526078292
Gentoo,Biscoe,48.2,14.3,210,4600,female,2007,4660.093165027808,-60.09316502781184,-0.15310137962910464
Gentoo,Biscoe,50,15.3,220,5550,male,2007,5161.6258244502205,388.3741755497765,0.9916190551972128
Gentoo,Biscoe,47.3,15.3,222,5250,male,2007,5261.9323563347025,-11.93235633470577,-0.030485267164415318
Gentoo,Biscoe,42.8,14.2,209,4700,female,2007,4609.939899085567,90.06010091442927,0.22941900821758088
Gentoo,Biscoe,45.1,14.5,207,5050,female,2007,4509.633367201084,540.3666327989116,1.3762314262642086
Gentoo,Biscoe,59.6,17,230,6050,male,2007,5663.158483872633,386.8415161273648,0.9913974827200203
Gentoo,Biscoe,49.1,14.8,220,5150,female,2008,5161.6258244502205,-11.625824450223536,-0.029683716845745237
Gentoo,Biscoe,48.4,16.3,220,5400,male,2008,5161.6258244502205,238.3741755497766,0.6086305156811038
Gentoo,Biscoe,42.6,13.7,213,4950,female,2008,4810.552962854532,139.44703714546458,0.35544690667690126
Gentoo,Biscoe,44.4,17.3,219,5250,male,2008,5111.47255850798,138.52744149201766,0.3535948169961863
Gentoo,Biscoe,44,13.6,208,4350,female,2008,4559.786633143325,-209.7866331433295,-0.5343482896474709
Gentoo,Biscoe,48.7,15.7,208,5350,male,2008,4559.786633143325,790.2133668566705,2.0127553157685893
Gentoo,Biscoe,42.7,13.7,208,3950,female,2008,4559.786633143325,-609.7866331433296,-1.5531897318138954
Gentoo,Biscoe,49.6,16,225,5700,male,2008,5412.392154161426,287.6078458385706,0.7355625197721346
Gentoo,Biscoe,45.3,13.7,210,4300,female,2008,4660.093165027808,-360.0931650278119,-0.9174214793854455
Gentoo,Biscoe,49.6,15,216,4750,male,2008,4961.012760681256,-211.01276068125884,-0.5382029930654197
Gentoo,Biscoe,50.5,15.9,222,5550,male,2008,5261.9323563347025,288.06764366529416,0.7359668813290287
Gentoo,Biscoe,43.6,13.9,217,4900,female,2008,5011.166026623497,-111.1660266235001,-0.2836048189353562
Gentoo,Biscoe,45.5,13.9,210,4200,female,2008,4660.093165027808,-460.0931650278119,-1.1721948459708924
Gentoo,Biscoe,50.5,15.9,225,5400,male,2008,5412.392154161426,-12.392154161429378,-0.03169316926598013
Gentoo,Biscoe,44.9,13.3,213,5100,female,2008,4810.552962854532,289.44703714546455,0.7377930439126272
Gentoo,Biscoe,45.2,15.8,215,5300,male,2008,4910.859494739014,389.1405052609823,0.9923078870624655
Gentoo,Biscoe,46.6,14.2,210,4850,female,2008,4660.093165027808,189.9068349721881,0.48383203683451254
Gentoo,Biscoe,48.5,14.1,220,5300,male,2008,5161.6258244502205,138.3741755497766,0.35330482267036434
Gentoo,Biscoe,45.1,14.4,210,4400,female,2008,4660.093165027808,-260.0931650278119,-0.6626481127999986
Gentoo,Biscoe,50.1,15,225,5000,male,2008,5412.392154161426,-412.3921541614295,-1.0547007546501335
Gentoo,Biscoe,46.5,14.4,217,4900,female,2008,5011.166026623497,-111.1660266235001,-0.2836048189353562
Gentoo,Biscoe,45,15.4,220,5050,male,2008,5161.6258244502205,-111.62582445022355,-0.28500940985648476
Gentoo,Biscoe,43.8,13.9,208,4300,female,2008,4559.786633143325,-259.78663314332954,-0.6617034699182741
Gentoo,Biscoe,45.5,15,220,5000,male,2008,5161.6258244502205,-161.62582445022352,-0.4126722563618544
Gentoo,Biscoe,43.2,14.5,208,4450,female,2008,4559.786633143325,-109.78663314332948,-0.2796379291058649
Gentoo,Biscoe,50.4,15.3,224,5550,male,2008,5362.238888219185,187.7611117808119,0.48002734751449505
Gentoo,Biscoe,45.3,13.8,208,4200,female,2008,4559.786633143325,-359.78663314332954,-0.9164138304598801
Gentoo,Biscoe,46.2,14.9,221,5300,male,2008,5211.7790903924615,88.2209096075353,0.22531872472628697
Gentoo,Biscoe,45.7,13.9,214,4400,female,2008,4860.706228796773,-460.70622879677654,-1.1745552339453018
Gentoo,Biscoe,54.3,15.7,231,5650,male,2008,5713.311749814874,-63.311749814876414,-0.16233007488630824
Gentoo,Biscoe,45.8,14.2,219,4700,female,2008,5111.47255850798,-411.47255850798246,-1.0502941688486063
Gentoo,Biscoe,49.8,16.8,230,5700,male,2008,5663.158483872633,36.841516127364855,0.09441744183484456
Gentoo,Biscoe,49.5,16.2,229,5800,male,2008,5613.005217930391,186.99478206960592,0.4790173355154931
Gentoo,Biscoe,43.5,14.2,220,4700,female,2008,5161.6258244502205,-461.6258244502236,-1.178649335394073
Gentoo,Biscoe,50.7,15,223,5550,male,2008,5312.085622276944,237.91437772305298,0.6080360577373564
Gentoo,Biscoe,47.7,15,216,4750,female,2008,4961.012760681256,-211.01276068125884,-0.5382029930654197
Gentoo,Biscoe,46.4,15.6,221,5000,male,2008,5211.7790903924615,-211.77909039246478,-0.5408898500729973
Gentoo,Biscoe,48.2,15.6,221,5100,male,2008,5211.7790903924615,-111.77909039246481,-0.28548699180656933
Gentoo,Biscoe,46.5,14.8,217,5200,female,2008,5011.166026623497,188.8339733764999,0.48174992355951457
Gentoo,Biscoe,46.4,15,216,4700,female,2008,4961.012760681256,-261.01276068125884,-0.6657315347820015
Gentoo,Biscoe,48.6,16,230,5800,male,2008,5663.158483872633,136.84151612736486,0.35069745351632337
Gentoo,Biscoe,47.5,14.2,209,4600,female,2008,4609.939899085567,-9.93989908557067,-0.02532088868256087
Gentoo,Biscoe,51.1,16.3,220,6000,male,2008,5161.6258244502205,838.3741755497766,2.1405846737455407
Gentoo,Biscoe,45.2,13.8,215,4750,female,2008,4910.859494739014,-160.85949473901778,-0.4101915456766902
Gentoo,Biscoe,45.2,16.4,223,5950,male,2008,5312.085622276944,637.914377723053,1.6303131702961409
Gentoo,Biscoe,49.1,14.5,212,4625,female,2009,4760.399696912291,-135.3996969122942,-0.34506900492436277
Gentoo,Biscoe,52.5,15.6,221,5450,male,2009,5211.7790903924615,238.22090960753533,0.6084230121259291
Gentoo,Biscoe,47.4,14.6,212,4725,female,2009,4760.399696912291,-35.399696912294246,-0.09021687985063924
Gentoo,Biscoe,50,15.9,224,5350,male,2009,5362.238888219185,-12.238888219188109,-0.03128976491810303
Gentoo,Biscoe,44.9,13.8,212,4750,female,2009,4760.399696912291,-10.399696912294242,-0.026503848582208302
Gentoo,Biscoe,50.8,17.3,228,5600,male,2009,5562.85195198815,37.148048011847195,0.09511996342075207
Gentoo,Biscoe,43.4,14.4,218,4600,female,2009,5061.319292565738,-461.31929256574114,-1.1772102445885724
Gentoo,Biscoe,51.3,14.2,218,5300,male,2009,5061.319292565738,238.68070743425892,0.6090735386645817
Gentoo,Biscoe,47.5,14,212,4875,female,2009,4760.399696912291,114.60030308770577,0.2920613077599463
Gentoo,Biscoe,52.1,17,230,5550,male,2009,5663.158483872633,-113.15848387263514,-0.2900025756873737
Gentoo,Biscoe,47.5,15,218,4950,female,2009,5061.319292565738,-111.3192925657412,-0.28406835296199556
Gentoo,Biscoe,52.2,17.1,228,5400,male,2009,5562.85195198815,-162.85195198815282,-0.4169928850950923
Gentoo,Biscoe,45.5,14.5,212,4750,female,2009,4760.399696912291,-10.399696912294242,-0.026503848582208302
Gentoo,Biscoe,49.5,16.1,224,5650,male,2009,5362.238888219185,287.76111178081186,0.735685903730794
Gentoo,Biscoe,44.5,14.7,214,4850,female,2009,4860.706228796773,-10.706228796776589,-0.027295174849083434
Gentoo,Biscoe,50.8,15.7,226,5200,male,2009,5462.545420103668,-262.5454201036706,-0.6717206503572551
Gentoo,Biscoe,49.4,15.8,216,4925,male,2009,4961.012760681256,-36.01276068125885,-0.09185309705738384
Gentoo,Biscoe,46.9,14.6,222,4875,female,2009,5261.9323563347025,-386.93235633470596,-0.988550452781221
Gentoo,Biscoe,48.4,14.4,203,4625,female,2009,4309.020303432119,315.97969656787643,0.8045524148250569
Gentoo,Biscoe,51.1,16.5,225,5250,male,2009,5412.392154161426,-162.39215416142935,-0.41532101378503744
Gentoo,Biscoe,48.5,15,219,4850,female,2009,5111.47255850798,-261.47255850798246,-0.6674153545272993
Gentoo,Biscoe,55.9,17,228,5600,male,2009,5562.85195198815,37.148048011847195,0.09511996342075207
Gentoo,Biscoe,47.2,15.5,215,4975,female,2009,4910.859494739014,64.14050526098224,0.1635582222620553
Gentoo,Biscoe,49.1,15,228,5500,male,2009,5562.85195198815,-62.85195198815281,-0.16093646083717011
Gentoo,Biscoe,46.8,16.1,215,5500,male,2009,4910.859494739014,589.1405052609824,1.5023076807857951
Gentoo,Biscoe,41.7,14.7,210,4700,female,2009,4660.093165027808,39.9068349721881,0.10167198695634212
Gentoo,Biscoe,53.4,15.8,219,5500,male,2009,5111.47255850798,388.52744149201766,0.9917261741983646
Gentoo,Biscoe,43.3,14,208,4575,female,2009,4559.786633143325,15.213366856670504,0.038750021571142636
Gentoo,Biscoe,48.1,15.1,209,5500,male,2009,4609.939899085567,890.0601009144294,2.2673381834187163
Gentoo,Biscoe,50.5,15.2,216,5000,female,2009,4961.012760681256,38.98723931874115,0.09943971551748872
Gentoo,Biscoe,49.8,15.9,229,5950,male,2009,5613.005217930391,336.99478206960595,0.8632665617884377
Gentoo,Biscoe,43.5,15.2,213,4650,female,2009,4810.552962854532,-160.55296285453537,-0.40924536779455073
Gentoo,Biscoe,51.5,16.3,230,5500,male,2009,5663.158483872633,-163.15848387263514,-0.41814258152811307
Gentoo,Biscoe,46.2,14.1,217,4375,female,2009,5011.166026623497,-636.1660266235,-1.62297561830138
Gentoo,Biscoe,55.1,16,230,5850,male,2009,5663.158483872633,186.84151612736486,0.4788374593570628
Gentoo,Biscoe,48.8,16.2,222,6000,male,2009,5261.9323563347025,738.0676436652943,1.8856451040691953
Gentoo,Biscoe,47.2,13.7,214,4925,female,2009,4860.706228796773,64.29377120322341,0.16391483500028634
Gentoo,Biscoe,46.8,14.3,215,4850,female,2009,4910.859494739014,-60.85949473901777,-0.15519164881502553
Gentoo,Biscoe,50.4,15.7,222,5750,male,2009,5261.9323563347025,488.06764366529416,1.246934980324658
Gentoo,Biscoe,45.2,14.8,212,5200,female,2009,4760.399696912291,439.60030308770575,1.1203307142495482
Gentoo,Biscoe,49.9,16.1,213,5400,male,2009,4810.552962854532,589.4470371454647,1.5024853183840798
Chinstrap,Dream,46.5,17.9,192,3500,female,2007,3757.334378067466,-257.3343780674708,-0.6556134556848953
Chinstrap,Dream,50,19.5,196,3900,male,2007,3957.9474418364307,-57.94744183643538,-0.1475699855242192
Chinstrap,Dream,51.3,19.2,193,3650,male,2007,3807.4876440097073,-157.48764400971194,-0.40118059781479937
Chinstrap,Dream,45.4,18.7,188,3525,female,2007,3556.721314298501,-31.721314298506105,-0.0808713666058482
Chinstrap,Dream,52.7,19.8,197,3725,male,2007,4008.100707778672,-283.10070777867656,-0.7208997533505287
Chinstrap,Dream,45.2,17.8,198,3950,female,2007,4058.253973720913,-108.25397372091777,-0.27564784928744634
Chinstrap,Dream,46.1,18.2,178,3250,female,2007,3055.1886548760885,194.8113451239057,0.49804013797042046
Chinstrap,Dream,51.3,18.2,197,3750,male,2007,4008.100707778672,-258.10070777867656,-0.6572386838492369
Chinstrap,Dream,46,18.9,195,4150,female,2007,3907.7941758941897,242.20582410580573,0.6168575432488649
Chinstrap,Dream,51.3,19.9,198,3700,male,2007,4058.253973720913,-358.25397372091777,-0.9122245951861129
Chinstrap,Dream,46.6,17.8,193,3800,female,2007,3807.4876440097073,-7.487644009711904,-0.019073861438014646
Chinstrap,Dream,51.7,20.3,194,3775,male,2007,3857.6409099519483,-82.64090995195308,-0.21049346146350087
Chinstrap,Dream,47,17.3,185,3700,female,2007,3406.261516471777,293.73848352821744,0.7493682408851314
Chinstrap,Dream,52,18.1,201,4050,male,2007,4208.713771547637,-158.71377154764127,-0.4041066311830251
Chinstrap,Dream,45.9,17.1,190,3575,female,2007,3657.0278461829835,-82.02784618298844,-0.2090473683639605
Chinstrap,Dream,50.5,19.6,201,4050,male,2007,4208.713771547637,-158.71377154764127,-0.4041066311830251
Chinstrap,Dream,50.3,20,197,3300,male,2007,4008.100707778672,-708.1007077786766,-1.8031379348724885
Chinstrap,Dream,58,17.8,181,3700,female,2007,3205.6484527028124,494.35154729718215,1.262562166213961
Chinstrap,Dream,46.4,18.6,190,3450,female,2007,3657.0278461829835,-207.02784618298844,-0.5276089576467264
Chinstrap,Dream,49.2,18.2,195,4400,male,2007,3907.7941758941897,492.20582410580573,1.2535655430732162
Chinstrap,Dream,42.4,17.3,181,3600,female,2007,3205.6484527028124,394.3515472971821,1.0071645300344254
Chinstrap,Dream,48.5,17.5,191,3400,male,2007,3707.1811121252244,-307.1811121252296,-0.782722605035225
Chinstrap,Dream,43.2,16.6,187,2900,female,2007,3506.5680483562596,-606.5680483562647,-1.5467258294264243
Chinstrap,Dream,50.6,19.4,193,3800,male,2007,3807.4876440097073,-7.487644009711904,-0.019073861438014646
Chinstrap,Dream,46.7,17.9,195,3300,female,2007,3907.7941758941897,-607.7941758941943,-1.5479496561539297
Chinstrap,Dream,52,19,197,4150,male,2007,4008.100707778672,141.89929222132344,0.3613384281714312
Chinstrap,Dream,50.5,18.4,200,3400,female,2008,4158.5605056053955,-758.5605056054001,-1.9314110486004594
Chinstrap,Dream,49.5,19,200,3800,male,2008,4158.5605056053955,-358.5605056054001,-0.9129498794105249
Chinstrap,Dream,46.4,17.8,191,3700,female,2008,3707.1811121252244,-7.181112125229564,-0.018298061201817206
Chinstrap,Dream,52.8,20,205,4550,male,2008,4409.326835316602,140.67316468339402,0.35821762077112423
Chinstrap,Dream,40.9,16.6,187,3200,female,2008,3506.5680483562596,-306.56804835626497,-0.7817370535003498
Chinstrap,Dream,54.2,20.8,201,4300,male,2008,4208.713771547637,91.28622845235873,0.2324270281877435
Chinstrap,Dream,42.5,16.7,187,3350,female,2008,3506.5680483562596,-156.56804835626494,-0.3992426655373122
Chinstrap,Dream,51,18.8,203,4100,male,2008,4309.020303432119,-209.0203034321236,-0.5322107455016706
Chinstrap,Dream,49.7,18.6,195,3600,male,2008,3907.7941758941897,-307.7941758941943,-0.7839000563647082
Chinstrap,Dream,47.5,16.8,199,3900,female,2008,4108.4072396631545,-208.40723966315892,-0.5306486746108235
Chinstrap,Dream,47.6,18.3,195,3850,female,2008,3907.7941758941897,-57.79417589419426,-0.1471920565403567
Chinstrap,Dream,52,20.7,210,4800,male,2008,4660.093165027808,139.9068349721881,0.3564453535417891
Chinstrap,Dream,46.9,16.6,192,2700,female,2008,3757.334378067466,-1057.3343780674709,-2.6937817272028166
Chinstrap,Dream,53.5,19.9,205,4500,male,2008,4409.326835316602,90.67316468339403,0.2308949641801012
Chinstrap,Dream,49,19.5,210,3950,male,2008,4660.093165027808,-710.0931650278118,-1.8091282624345095
Chinstrap,Dream,46.2,17.5,187,3650,female,2008,3506.5680483562596,143.43195164373506,0.3657461103887629
Chinstrap,Dream,50.9,19.1,196,3550,male,2008,3957.9474418364307,-407.9474418364355,-1.0388862075459702
Chinstrap,Dream,45.5,17,196,3500,female,2008,3957.9474418364307,-457.9474418364355,-1.1662170964062204
Chinstrap,Dream,50.9,17.9,196,3675,female,2009,3957.9474418364307,-282.9474418364354,-0.7205589853953448
Chinstrap,Dream,50.8,18.5,201,4450,male,2009,4208.713771547637,241.28622845235876,0.6143472238102048
Chinstrap,Dream,50.1,17.9,190,3400,female,2009,3657.0278461829835,-257.02784618298847,-0.6550335933598329
Chinstrap,Dream,49,19.6,212,4300,male,2009,4760.399696912291,-460.3996969122942,-1.1733384114139647
Chinstrap,Dream,51.5,18.7,187,3250,male,2009,3506.5680483562596,-256.56804835626497,-0.6542389241793373
Chinstrap,Dream,49.8,17.3,198,3675,female,2009,4058.253973720913,-383.25397372091777,-0.9758822697759795
Chinstrap,Dream,48.1,16.4,199,3325,female,2009,4108.4072396631545,-783.407239663159,-1.9947196368018818
Chinstrap,Dream,51.4,19,201,3950,male,2009,4208.713771547637,-258.7137715476413,-0.6587200949313325
Chinstrap,Dream,45.7,17.3,193,3600,female,2009,3807.4876440097073,-207.48764400971194,-0.5285495099403943
Chinstrap,Dream,50.7,19.7,203,4050,male,2009,4309.020303432119,-259.0203034321236,-0.6595215226756447
Chinstrap,Dream,42.5,17.3,187,3350,female,2009,3506.5680483562596,-156.56804835626494,-0.3992426655373122
Chinstrap,Dream,52.2,18.8,197,3450,male,2009,4008.100707778672,-558.1007077786766,-1.421171517864738
Chinstrap,Dream,45.2,16.6,191,3250,female,2009,3707.1811121252244,-457.1811121252296,-1.1649348769519288
Chinstrap,Dream,49.3,19.9,203,4050,male,2009,4309.020303432119,-259.0203034321236,-0.6595215226756447
Chinstrap,Dream,50.2,18.8,202,3800,male,2009,4258.867037489878,-458.8670374898824,-1.168346835872134
Chinstrap,Dream,45.6,19.4,194,3525,female,2009,3857.6409099519483,-332.6409099519532,-0.8472648304679098
Chinstrap,Dream,51.9,19.5,206,3950,male,2009,4459.480101258843,-509.48010125884724,-1.2974576768925608
Chinstrap,Dream,46.8,16.5,189,3650,female,2009,3606.874580240742,43.12541975925273,0.10992424117232154
Chinstrap,Dream,45.7,17,195,3650,female,2009,3907.7941758941897,-257.7941758941943,-0.6565584563998379
Chinstrap,Dream,55.8,19.8,207,4000,male,2009,4509.633367201084,-509.63336720108845,-1.297958484560962
Chinstrap,Dream,43.5,18.1,202,3400,female,2009,4258.867037489878,-858.8670374898825,-2.186809039880758
Chinstrap,Dream,49.6,18.2,193,3775,male,2009,3807.4876440097073,-32.487644009711914,-0.08275831750081211
Chinstrap,Dream,50.8,19,210,4100,male,2009,4660.093165027808,-560.0931650278118,-1.426968212556339
Chinstrap,Dream,50.2,18.7,198,3775,female,2009,4058.253973720913,-283.25397372091777,-0.7212515714165129
